DATE,LPMVTVJ,LPMVTXK,LPMVTVX,LPMBI2O
30 Apr 1993,1175,343530,86422,51422
31 May 1993,1378,344789,87752,51511
30 Jun 1993,1150,345814,85032,51820
31 Jul 1993,1343,347263,83464,51959
31 Aug 1993,1166,348324,82646,52022
30 Sep 1993,1702,349833,81136,52305
31 Oct 1993,1663,351298,80140,52405
30 Nov 1993,1501,353026,81472,52668
31 Dec 1993,1461,354184,82298,52799
31 Jan 1994,1474,355527,87586,53059
28 Feb 1994,1377,356733,90626,53137
31 Mar 1994,1630,358464,88600,53485
30 Apr 1994,1616,359944,87041,53927
31 May 1994,1486,361384,87720,53890
30 Jun 1994,1720,362954,83804,54646
31 Jul 1994,1816,364366,82111,55045
31 Aug 1994,1557,365778,78155,55513
30 Sep 1994,1425,367367,81624,55965
31 Oct 1994,1515,368898,80387,56417
30 Nov 1994,1454,370213,81950,56860
31 Dec 1994,1498,371738,87207,57548
31 Jan 1995,1413,373052,78870,60772
28 Feb 1995,1462,374557,80660,61402
31 Mar 1995,1331,375738,74854,62099
30 Apr 1995,1355,377259,75090,62652
31 May 1995,1170,378323,70627,62828
30 Jun 1995,1170,379402,69054,63578
31 Jul 1995,939,380869,73133,64228
31 Aug 1995,914,381522,76278,64866
30 Sep 1995,1420,383255,73497,65458
31 Oct 1995,1003,383943,79435,66240
30 Nov 1995,1022,384067,79582,66782
31 Dec 1995,1235,385485,85666,67646
31 Jan 1996,1358,386761,83644,68056
29 Feb 1996,1257,387953,79504,68721
31 Mar 1996,1433,389315,84683,69440
30 Apr 1996,1232,390812,79721,70405
31 May 1996,1450,392173,85388,70972
30 Jun 1996,1648,393930,89810,71494
31 Jul 1996,1222,395148,89296,72379
31 Aug 1996,1440,396451,92300,73334
30 Sep 1996,1663,398363,96434,74613
31 Oct 1996,1791,400243,100074,75541
30 Nov 1996,1887,402105,101746,76425
31 Dec 1996,1937,404007,101424,76747
31 Jan 1997,1793,405884,106088,77765
28 Feb 1997,1922,407769,95395,79101
31 Mar 1997,2113,409822,98463,79281
30 Apr 1997,1613,411152,102007,80162
31 May 1997,2015,412842,103407,81274
30 Jun 1997,1989,414521,104849,82171
31 Jul 1997,1555,415688,104749,82554
31 Aug 1997,1938,417595,105158,83648
30 Sep 1997,1917,418433,87241,83883
31 Oct 1997,1830,420379,82702,84954
30 Nov 1997,1844,422176,87628,86047
31 Dec 1997,1824,423936,86160,87214
31 Jan 1998,1925,424991,84317,88162
28 Feb 1998,1926,426936,91841,89351
31 Mar 1998,1795,428885,88077,91797
30 Apr 1998,1947,430812,84154,92559
31 May 1998,1959,432677,87943,94028
30 Jun 1998,2057,434657,89014,95115
31 Jul 1998,2245,436866,88562,96128
31 Aug 1998,2074,438908,87121,97286
30 Sep 1998,1982,440789,83586,98354
31 Oct 1998,2020,443858,84771,99639
30 Nov 1998,1967,445841,82784,100757
31 Dec 1998,2138,448120,82783,101347
31 Jan 1999,2273,450194,80878,102380
28 Feb 1999,2279,452448,89715,103546
31 Mar 1999,3107,456463,92549,105651
30 Apr 1999,3004,459296,98164,106660
31 May 1999,2863,462137,97048,107699
30 Jun 1999,2920,465010,96196,108626
31 Jul 1999,3290,468258,98310,109807
31 Aug 1999,3093,471360,97821,110754
30 Sep 1999,3326,474694,98464,112041
31 Oct 1999,3741,478387,101115,113086
30 Nov 1999,3010,481378,93638,114254
31 Dec 1999,3200,484545,91537,115163
31 Jan 2000,3261,488476,82381,116502
29 Feb 2000,2908,491507,95873,117668
31 Mar 2000,3643,495178,96752,119020
30 Apr 2000,3266,498627,97510,119674
31 May 2000,3222,501710,94193,121066
30 Jun 2000,3723,505425,92605,121844
31 Jul 2000,2745,508249,89695,122769
31 Aug 2000,3193,511440,88385,123300
30 Sep 2000,2930,514356,93999,124275
31 Oct 2000,2999,517642,92219,125403
30 Nov 2000,3328,520958,95020,126370
31 Dec 2000,3629,524512,103394,127135
31 Jan 2001,3677,528162,98594,127973
28 Feb 2001,3697,532114,97830,129109
31 Mar 2001,3835,535961,102161,129039
30 Apr 2001,4041,540108,103034,130320
31 May 2001,4201,544301,107512,131847
30 Jun 2001,4281,548731,109634,132956
31 Jul 2001,4536,553258,113411,134093
31 Aug 2001,4933,558066,111298,135192
30 Sep 2001,4352,562532,103771,136031
31 Oct 2001,4552,567069,99403,137500
30 Nov 2001,4726,571784,100867,138930
31 Dec 2001,4784,576560,108934,140533
31 Jan 2002,4975,581532,120417,142038
28 Feb 2002,5311,587240,124804,143366
31 Mar 2002,5684,593114,123883,144249
30 Apr 2002,5804,598915,120236,145544
31 May 2002,6432,605500,119253,146662
30 Jun 2002,6409,611789,117551,147300
31 Jul 2002,6200,622083,115432,148732
31 Aug 2002,6779,628859,111307,151181
30 Sep 2002,6881,635900,116442,152781
31 Oct 2002,7721,643655,119847,154402
30 Nov 2002,7264,650887,120174,155413
31 Dec 2002,7317,658331,112546,156730
31 Jan 2003,7725,666191,107926,157701
28 Feb 2003,7229,673417,99848,154636
31 Mar 2003,7433,680848,96597,156088
30 Apr 2003,7351,687155,101118,157348
31 May 2003,7520,694664,99770,159086
30 Jun 2003,7693,702298,106077,160662
31 Jul 2003,8469,710756,114417,162085
31 Aug 2003,7892,718662,122910,163264
30 Sep 2003,9580,727494,129022,164011
31 Oct 2003,10287,737777,128790,165214
30 Nov 2003,8937,746859,131727,166053
31 Dec 2003,8887,755573,132807,166052
31 Jan 2004,9149,764657,127025,167499
29 Feb 2004,8974,773613,127557,169091
31 Mar 2004,8956,783270,123002,169905
30 Apr 2004,9222,792571,119993,171360
31 May 2004,8476,800870,121392,172570
30 Jun 2004,8886,808855,111139,174231
31 Jul 2004,8788,817720,99413,176063
31 Aug 2004,7962,825588,92923,176986
30 Sep 2004,7535,833124,86376,177979
31 Oct 2004,7275,840546,86352,179146
30 Nov 2004,5520,848348,73621,180874
31 Dec 2004,8446,857085,83429,181815
31 Jan 2005,6452,863548,81633,183656
28 Feb 2005,7015,869279,86276,184806
31 Mar 2005,6309,875478,91599,186272
30 Apr 2005,7366,883016,98433,186816
31 May 2005,7346,890186,94692,187894
30 Jun 2005,7247,897356,94452,189056
31 Jul 2005,6857,904062,98685,189559
31 Aug 2005,7423,911141,102870,190560
30 Sep 2005,7482,918446,103946,190736
31 Oct 2005,7513,926054,109565,191347
30 Nov 2005,7802,933881,112002,191658
31 Dec 2005,8046,941954,123228,191591
31 Jan 2006,8202,950389,119846,192188
28 Feb 2006,7414,957401,114064,191987
31 Mar 2006,8830,965879,117354,191396
30 Apr 2006,7957,974273,110638,191587
31 May 2006,9562,981841,115481,191965
30 Jun 2006,8596,990668,118512,191363
31 Jul 2006,9083,999380,117634,191280
31 Aug 2006,9279,1009901,118470,191415
30 Sep 2006,8782,1020760,123310,191280
31 Oct 2006,10194,1030609,126251,191287
30 Nov 2006,10017,1040719,125955,190906
31 Dec 2006,9630,1050772,121244,190897
31 Jan 2007,9645,1059968,118660,191003
28 Feb 2007,8961,1069098,119069,190819
31 Mar 2007,8977,1075315,114369,190943
30 Apr 2007,8277,1083894,109236,191065
31 May 2007,9326,1092686,114361,191049
30 Jun 2007,9226,1102659,114257,190952
31 Jul 2007,9230,1111826,112831,191421
31 Aug 2007,9138,1120556,107738,191688
30 Sep 2007,9748,1135116,99268,192991
31 Oct 2007,7642,1142219,86373,195058
30 Nov 2007,7311,1149596,79281,195441
31 Dec 2007,6856,1155239,74442,195700
31 Jan 2008,6332,1152662,71309,202024
29 Feb 2008,6044,1158607,71076,203015
31 Mar 2008,5686,1163880,60343,203203
30 Apr 2008,4667,1168734,57144,203327
31 May 2008,3669,1172323,40566,204010
30 Jun 2008,2706,1175517,35385,203078
31 Jul 2008,3095,1180429,33024,207750
31 Aug 2008,144,1180140,32670,207939
30 Sep 2008,1210,1182696,32313,208313
31 Oct 2008,299,1183565,31600,205312
30 Nov 2008,493,1184809,26371,204577
31 Dec 2008,960,1184810,31637,203586
31 Jan 2009,364,1184892,32389,188687
28 Feb 2009,939,1185743,40748,188543
31 Mar 2009,364,1186024,42070,187017
30 Apr 2009,773,1185642,45429,186658
31 May 2009,259,1185810,47673,186963
30 Jun 2009,382,1186225,50493,185861
31 Jul 2009,156,1186451,53419,184970
31 Aug 2009,847,1187049,52568,183001
30 Sep 2009,1163,1188236,55642,182653
31 Oct 2009,932,1188698,55968,181561
30 Nov 2009,1517,1190103,57269,180608
31 Dec 2009,1061,1191074,58018,179563
31 Jan 2010,1071,1194252,46522,188844
28 Feb 2010,977,1195011,47791,186296
31 Mar 2010,374,1194548,49101,183811
30 Apr 2010,71,1194411,50260,182291
31 May 2010,742,1195089,50005,180290
30 Jun 2010,597,1194779,49536,178824
31 Jul 2010,-251,1194840,48709,178044
31 Aug 2010,1340,1195855,47375,176955
30 Sep 2010,233,1196087,46743,175795
31 Oct 2010,588,1196851,46946,175135
30 Nov 2010,465,1197358,46165,173474
31 Dec 2010,-339,1196963,41703,172601
31 Jan 2011,1347,1198493,42852,171199
28 Feb 2011,419,1198756,47458,170277
31 Mar 2011,308,1197876,48224,168841
30 Apr 2011,541,1197974,46188,168206
31 May 2011,1119,1199052,47068,166823
30 Jun 2011,-247,1198690,49318,166145
31 Jul 2011,507,1199280,50956,165244
31 Aug 2011,766,1200073,52963,164735
30 Sep 2011,469,1199977,50878,163492
31 Oct 2011,1034,1200951,51725,162561
30 Nov 2011,631,1201346,52141,161824
31 Dec 2011,113,1201409,51649,160584
31 Jan 2012,1749,1204731,55549,160540
29 Feb 2012,947,1205644,50332,159589
31 Mar 2012,1291,1206859,51178,159606
30 Apr 2012,1203,1208884,51941,158310
31 May 2012,569,1209297,49346,158034
30 Jun 2012,650,1220395,47841,158174
31 Jul 2012,998,1221527,47292,157440
31 Aug 2012,344,1221920,48103,156783
30 Sep 2012,825,1222633,50332,157257
31 Oct 2012,684,1223285,52338,156462
30 Nov 2012,582,1223633,53076,155738
31 Dec 2012,989,1224382,54566,157049
31 Jan 2013,545,1224745,52153,156631
28 Feb 2013,906,1225383,52504,156382
31 Mar 2013,602,1225505,54510,156158
30 Apr 2013,960,1226276,56087,156114
31 May 2013,839,1226967,59077,156350
30 Jun 2013,1172,1227714,58903,156408
31 Jul 2013,1249,1228600,60768,157796
31 Aug 2013,1359,1229313,62790,158249
30 Sep 2013,1435,1230596,67291,158563
31 Oct 2013,1455,1232403,68521,158415
30 Nov 2013,1341,1234259,70550,158460
31 Dec 2013,1844,1236037,71893,158388
31 Jan 2014,1826,1237693,73950,159190
28 Feb 2014,1953,1239552,70032,159423
31 Mar 2014,1987,1241976,68221,160142
30 Apr 2014,2348,1244300,65186,160448
31 May 2014,2249,1245959,62108,160964
30 Jun 2014,2147,1248085,67824,161088
31 Jul 2014,2032,1250045,66825,162100
31 Aug 2014,1867,1251820,65427,162686
30 Sep 2014,1459,1252853,62137,165094
31 Oct 2014,1658,1252010,60419,167921
30 Nov 2014,2014,1253658,59571,168368
31 Dec 2014,1582,1255123,60177,168938
31 Jan 2015,1786,1257139,58916,171493
28 Feb 2015,1814,1259708,61448,171159
31 Mar 2015,2140,1261861,62814,172604
30 Apr 2015,2166,1264056,68967,173103
31 May 2015,2765,1265953,65309,173757
30 Jun 2015,2751,1268657,68155,174500
31 Jul 2015,3212,1269723,70809,176151
31 Aug 2015,3600,1273054,72208,176818
30 Sep 2015,3692,1276483,71190,176217
31 Oct 2015,3777,1280091,70126,177264
30 Nov 2015,3894,1283887,70498,178171
31 Dec 2015,3370,1287064,71266,178845
31 Jan 2016,3810,1291090,72441,180209
29 Feb 2016,3602,1294582,71874,181374
31 Mar 2016,7139,1301743,70694,183063
30 Apr 2016,678,1302379,68741,183749
31 May 2016,2913,1305079,67788,184891
30 Jun 2016,3148,1307118,65565,186260
31 Jul 2016,3043,1309974,62698,187094
31 Aug 2016,3029,1312966,61401,188328
30 Sep 2016,3071,1316481,64262,189056
31 Oct 2016,3237,1319911,67935,190432
30 Nov 2016,2888,1321146,68422,192362
31 Dec 2016,3890,1322667,68381,193201
31 Jan 2017,3740,1326371,68010,194405
28 Feb 2017,3862,1330469,68141,196000
31 Mar 2017,3696,1334536,68005,197706
30 Apr 2017,3122,1337386,67038,198559
31 May 2017,4173,1341717,65941,200019
30 Jun 2017,4070,1346310,65422,200921
31 Jul 2017,3795,1349590,68581,201985
31 Aug 2017,4170,1353413,66847,203188
30 Sep 2017,3816,1357256,66361,204654
31 Oct 2017,3639,1360741,65273,206015
30 Nov 2017,3925,1364733,65655,207346
31 Dec 2017,3773,1367619,62319,208715
31 Jan 2018,3623,1370822,65873,209088
28 Feb 2018,3862,1373746,63003,210874
31 Mar 2018,3336,1377765,63046,211676
30 Apr 2018,3624,1375900,63246,212927
31 May 2018,4041,1379123,65019,214165
30 Jun 2018,3974,1382716,65955,215248
31 Jul 2018,3696,1386363,64845,215751
31 Aug 2018,3573,1389830,66750,216640
30 Sep 2018,3988,1392981,66004,217887
31 Oct 2018,3948,1400230,68292,217961
30 Nov 2018,3385,1403807,64986,218648
31 Dec 2018,3684,1407476,64425,219072
31 Jan 2019,3680,1411042,65126,219978
28 Feb 2019,3517,1415186,64150,219946
31 Mar 2019,4010,1415101,62146,220636
30 Apr 2019,4112,1419066,65822,221062
31 May 2019,3110,1422168,65474,221509
30 Jun 2019,4015,1425637,66599,222049
31 Jul 2019,5024,1430079,67313,222136
31 Aug 2019,4159,1433389,66055,224130
30 Sep 2019,3967,1437283,66251,224496
31 Oct 2019,4800,1442027,66352,225033
30 Nov 2019,4334,1446122,66669,225314
31 Dec 2019,4678,1452723,67640,224311
31 Jan 2020,4451,1456791,69507,224936
29 Feb 2020,4668,1461858,71581,225210
31 Mar 2020,4826,1466726,56172,221359
30 Apr 2020,53,1466855,15888,212620
31 May 2020,254,1467229,9360,207890
30 Jun 2020,1955,1469106,40375,206693
31 Jul 2020,2784,1471897,66660,207595
31 Aug 2020,3151,1475094,85230,207574
30 Sep 2020,5157,1479854,92657,206576
31 Oct 2020,5229,1485567,100892,205626
30 Nov 2020,6957,1492524,107801,203287
31 Dec 2020,6604,1499080,103399,202191
31 Jan 2021,6311,1505398,97181,200057
28 Feb 2021,7971,1509146,84411,198607
31 Mar 2021,11404,1520544,80907,198255
30 Apr 2021,3020,1523692,85102,196727
31 May 2021,4510,1528516,86023,197384
30 Jun 2021,17118,1545629,79325,197331
31 Jul 2021,-1790,1543146,72563,198051
31 Aug 2021,4221,1546790,71056,198544
30 Sep 2021,9518,1552361,70574,198689
31 Oct 2021,1668,1554938,68335,197372
30 Nov 2021,3667,1558599,69467,198217
31 Dec 2021,4231,1562230,72795,198463
31 Jan 2022,6393,1568506,73949,198527
28 Feb 2022,5249,1573753,68151,199497
31 Mar 2022,7187,1581480,68641,200393
30 Apr 2022,4025,1585112,65749,201713
31 May 2022,6367,1591475,66363,202434
30 Jun 2022,5038,1596507,62949,203180
31 Jul 2022,4352,1597581,62829,204340
31 Aug 2022,5245,1601026,72198,204914
30 Sep 2022,5246,1609264,64911,205418
31 Oct 2022,3117,1612381,57801,206018
30 Nov 2022,3446,1615844,46719,206779
31 Dec 2022,2184,1618610,41509,206858
31 Jan 2023,2418,1620926,39798,209166
28 Feb 2023,862,1621802,42811,210510
31 Mar 2023,-10,1620458,50893,211746
30 Apr 2023,-1347,1619079,48637,213257
31 May 2023,-160,1619279,50905,213771
30 Jun 2023,-56,1619343,54705,215243
31 Jul 2023,215,1619779,49374,216157
31 Aug 2023,1115,1620959,45321,217379
30 Sep 2023,-1201,1620063,44027,218548
31 Oct 2023,580,1620694,48082,219662
30 Nov 2023,486,1620309,50287,221395
31 Dec 2023,-358,1619454,52530,219484
31 Jan 2024,-442,1620456,56032,221178
29 Feb 2024,1778,1622299,59676,222155
31 Mar 2024,90,1622776,61146,223371
30 Apr 2024,1916,1624788,61208,226971
31 May 2024,1059,1625944,60800,228584
30 Jun 2024,2383,1628440,61254,229652
31 Jul 2024,2649,1631210,62854,230527
31 Aug 2024,2803,1634209,65361,231436
30 Sep 2024,2326,1636733,65596,232528
31 Oct 2024,3788,1639601,67846,232599
30 Nov 2024,2692,1642392,65907,232568
31 Dec 2024,3655,1643805,66942,233602
31 Jan 2025,5208,1648686,66270,234843
28 Feb 2025,3724,1652388,64611,235844
31 Mar 2025,12992,1665546,63461,236034
30 Apr 2025,-1231,1664047,59736,237452
31 May 2025,1917,1666090,62618,238135
30 Jun 2025,5085,1668778,64721,239378
31 Jul 2025,4513,1673048,65905,240735
31 Aug 2025,4428,1677578,65278,242128
30 Sep 2025,5383,1681908,66053,243187
31 Oct 2025,4424,1686390,64762,244523
30 Nov 2025,4784,1689119,64592,246267
31 Dec 2025,4813,1693396,61395,247855
31 Jan 2026,4520,1697981,60145,249389
28 Feb 2026,5188,1703253,62278,250585
31 Mar 2026,6707,1709936,62920,252052
30 Apr 2026,4509,1713480,65044,253430
31 May 2026,3242,1715181,56396,254976
30 Jun 2026,7677,1722354,58215,256410
31 Jul 2026,4292,1726779,56053,257529
